Stop ID,Transferable Stops
0
1,2,3
2,1,3
3,1,2
4
5
6,7
7,6
8
9
10
11,12,13
12,11,13
13,11,12
14,15,16,17,18,19,20,21,22
15,14,16,17,18,19,20,21,22
16,14,15,17,18,19,20,21,22
17,14,15,16,18,19,20,21,22
18,14,15,16,17,19,20,21,22
19,14,15,16,17,18,20,21,22
20,14,15,16,17,18,19,21,22
21,14,15,16,17,18,19,20,22
22,14,15,16,17,18,19,20,21
23
24,25,26
25,24,26
26,24,25
27
28
29,30
30,29
31,32
32,31
33,34
34,33
35,36
36,35
37,38
38,37
39,40
40,39
41,42
42,41
43
44
45
46
47
48,49
49,48
50,51
51,50
52
53,54
54,53
55
56,57
57,56
58
59
60,61,62
61,60,62
62,60,61
63,64
64,63
65,66,67,68
66,65,67,68
67,65,66,68
68,65,66,67
69,70
70,69
71,72
72,71
73,74
74,73
75,76,77,78,79,80,81,82
76,75,77,78,79,80,81,82
77,75,76,78,79,80,81,82
78,75,76,77,79,80,81,82
79,75,76,77,78,80,81,82
80,75,76,77,78,79,81,82
81,75,76,77,78,79,80,82
82,75,76,77,78,79,80,81
83,84,85
84,83,85
85,83,84
86,87,88,89
87,86,88,89
88,86,87,89
89,86,87,88
90,91,92
91,90,92
92,90,91
93,94
94,93
95,96,97,98,99,100,101
96,95,97,98,99,100,101
97,95,96,98,99,100,101
98,95,96,97,99,100,101
99,95,96,97,98,100,101
100,95,96,97,98,99,101
101,95,96,97,98,99,100
102,757
103,104
104,103
105,106,107,108
106,105,107,108
107,105,106,108
108,105,106,107
109,110,111,112,113,114
110,109,111,112,113,114
111,109,110,112,113,114
112,109,110,111,113,114
113,109,110,111,112,114
114,109,110,111,112,113
115,116
116,115
117,118
118,117
119,120,121,122,123,124,125,126,127,128,129,130
120,119,121,122,123,124,125,126,127,128,129,130
121,119,120,122,123,124,125,126,127,128,129,130
122,119,120,121,123,124,125,126,127,128,129,130
123,119,120,121,122,124,125,126,127,128,129,130
124,119,120,121,122,123,125,126,127,128,129,130
125,119,120,121,122,123,124,126,127,128,129,130
126,119,120,121,122,123,124,125,127,128,129,130
127,119,120,121,122,123,124,125,126,128,129,130
128,119,120,121,122,123,124,125,126,127,129,130
129,119,120,121,122,123,124,125,126,127,128,130
130,119,120,121,122,123,124,125,126,127,128,129
131,132,133,134,135,136,137,138
132,131,133,134,135,136,137,138
133,131,132,134,135,136,137,138
134,131,132,133,135,136,137,138
135,131,132,133,134,136,137,138
136,131,132,133,134,135,137,138
137,131,132,133,134,135,136,138
138,131,132,133,134,135,136,137
139,140,141
140,139,141
141,139,140
142,143
143,142
144
145,146
146,145
147,756
148,149
149,148
150
151,152
152,151
153
154,155
155,154
156,157
157,156
158
159,160
160,159
161
162,163
163,162
164
165,166,167
166,165,167
167,165,166
168,169,170
169,168,170
170,168,169
171,172
172,171
173,174
174,173
175,176
176,175
177
178
179,180,181,182
180,179,181,182
181,179,180,182
182,179,180,181
183
184
185
186
187
188
189
190
191
192
193
194
195
196,197
197,196
198
199
200,201
201,200
202
203
204
205,206
206,205
207
208
209
210
211
212
213
214,215
215,214
216,217
217,216
218
219
220
221
222
223
224
225
226
227
228
229
230
231,232
232,231
233
234
235
236
237
238
239
240,241
241,240
242
243,244,245,246,247,248
244,243,245,246,247,248
245,243,244,246,247,248
246,243,244,245,247,248
247,243,244,245,246,248
248,243,244,245,246,247
249,250
250,249
251
252,253,254,255,256
253,252,254,255,256
254,252,253,255,256
255,252,253,254,256
256,252,253,254,255
257,258,259,260
258,257,259,260
259,257,258,260
260,257,258,259
261
262,764
263,264
264,263
265,266,267,268,269
266,265,267,268,269
267,265,266,268,269
268,265,266,267,269
269,265,266,267,268
270,271
271,270
272,761
273,274,275,276
274,273,275,276
275,273,274,276
276,273,274,275
277
278,762
279,280
280,279
281,763
282,283
283,282
284
285
286,287
287,286
288,289
289,288
290,291,292,293
291,290,292,293
292,290,291,293
293,290,291,292
294,295
295,294
296,297,298,299
297,296,298,299
298,296,297,299
299,296,297,298
300
301
302,303
303,302
304
305
306
307,308
308,307
309,310,311
310,309,311
311,309,310
312,313
313,312
314,315,316,317,318
315,314,316,317,318
316,314,315,317,318
317,314,315,316,318
318,314,315,316,317
319,320
320,319
321,322
322,321
323,324
324,323
325,326
326,325
327,328,329
328,327,329
329,327,328
330,331
331,330
332,333,334,335,336
333,332,334,335,336
334,332,333,335,336
335,332,333,334,336
336,332,333,334,335
337
338,339
339,338
340
341,342
342,341
343,344,345,346,347,348,349
344,343,345,346,347,348,349
345,343,344,346,347,348,349
346,343,344,345,347,348,349
347,343,344,345,346,348,349
348,343,344,345,346,347,349
349,343,344,345,346,347,348
350
351,352,353
352,351,353
353,351,352
354,355,356
355,354,356
356,354,355
357,358
358,357
359,360
360,359
361,362
362,361
363,364
364,363
365,366
366,365
367,368
368,367
369,370
370,369
371,372
372,371
373
374,375
375,374
376
377
378
379
380
381
382
383
384
385
386
387
388
389
390
391
392
393
394
395
396,397,398,399,400
397,396,398,399,400
398,396,397,399,400
399,396,397,398,400
400,396,397,398,399
401
402,403
403,402
404,405,406
405,404,406
406,404,405
407
408
409
410
411
412,413
413,412
414
415
416
417
418
419
420,421
421,420
422
423
424
425
426
427
428
429
430
431
432,433
433,432
434,435
435,434
436,437
437,436
438,439
439,438
440,441
441,440
442,443
443,442
444,445
445,444
446,447,448
447,446,448
448,446,447
449,758
450,451
451,450
452,453,454,455
453,452,454,455
454,452,453,455
455,452,453,454
456,457
457,456
458,459,460,461,462
459,458,460,461,462
460,458,459,461,462
461,458,459,460,462
462,458,459,460,461
463
464,465
465,464
466,467,468
467,466,468
468,466,467
469,470
470,469
471
472,473,474
473,472,474
474,472,473
475,476
476,475
477
478,479
479,478
480,481
481,480
482,483
483,482
484,485
485,484
486
487
488
489
490
491,492
492,491
493,494
494,493
495,496
496,495
497,498
498,497
499,500
500,499
501,502
502,501
503
504
505
506
507
508
509,510,511
510,509,511
511,509,510
512
513
514
515
516
517
518
519
520
521,522,523
522,521,523
523,521,522
524
525
526,527,528
527,526,528
528,526,527
529
530
531,532,533
532,531,533
533,531,532
534
535
536,537,538
537,536,538
538,536,537
539
540
541
542
543
544
545
546
547,548,549,550,551
548,547,549,550,551
549,547,548,550,551
550,547,548,549,551
551,547,548,549,550
552,553
553,552
554,555,556,557,558,559,560,561
555,554,556,557,558,559,560,561
556,554,555,557,558,559,560,561
557,554,555,556,558,559,560,561
558,554,555,556,557,559,560,561
559,554,555,556,557,558,560,561
560,554,555,556,557,558,559,561
561,554,555,556,557,558,559,560
562,563
563,562
564
565
566
567
568
569,570
570,569
571,572
572,571
573,574,575,576,577
574,573,575,576,577
575,573,574,576,577
576,573,574,575,577
577,573,574,575,576
578,579
579,578
580,581
581,580
582
583,584,585,586
584,583,585,586
585,583,584,586
586,583,584,585
587
588,589
589,588
590
591
592
593,594,595,596
594,593,595,596
595,593,594,596
596,593,594,595
597
598
599
600
601
602,603,604,605,606
603,602,604,605,606
604,602,603,605,606
605,602,603,604,606
606,602,603,604,605
607
608
609
610
611
612,613,614
613,612,614
614,612,613
615
616
617
618,619
619,618
620,621,622
621,620,622
622,620,621
623
624
625
626
627
628
629
630
631
632
633
634,635,636
635,634,636
636,634,635
637,638
638,637
639,640
640,639
641,642
642,641
643,644
644,643
645
646
647
648
649
650,651,652
651,650,652
652,650,651
653
654
655
656,657,658
657,656,658
658,656,657
659
660
661,662,663
662,661,663
663,661,662
664
665
666,667
667,666
668,669,670,671,672
669,668,670,671,672
670,668,669,671,672
671,668,669,670,672
672,668,669,670,671
673
674,675
675,674
676
677
678
679
680
681
682
683,684
684,683
685,686
686,685
687,688
688,687
689,690
690,689
691,692
692,691
693,694
694,693
695,696
696,695
697
698
699
700
701
702
703
704
705
706
707
708
709
710
711
712
713
714
715,716
716,715
717,718
718,717
719
720
721
722
723
724
725
726
727
728
729
730
731
732
733,734
734,733
735,736
736,735
737,738
738,737
739
740
741,742
742,741
743,744
744,743
745
746
747,748
748,747
749,750
750,749
751
752
753
754
755
756,147
757,102
758,449
759,760
760,759
761,272
762,278
763,281
764,262
