Stop ID,Transferable Stops
1
2,3,4
3,2,4
4,2,3
5
6
7,8
8,7
9
10
11
12,13,14
13,12,14
14,12,13
15,16,17,18,19,20,21,22,23
16,15,17,18,19,20,21,22,23
17,15,16,18,19,20,21,22,23
18,15,16,17,19,20,21,22,23
19,15,16,17,18,20,21,22,23
20,15,16,17,18,19,21,22,23
21,15,16,17,18,19,20,22,23
22,15,16,17,18,19,20,21,23
23,15,16,17,18,19,20,21,22
24
25,26,27
26,25,27
27,25,26
28
29
30,31
31,30
32,33
33,32
34,35
35,34
36,37
37,36
38,39
39,38
40,41
41,40
42,43
43,42
44
45,47,49,51
46
47,45,49,51
48
49,45,47,51
50
51,45,47,49
52
53,54
54,53
55,56
56,55
57
58,59
59,58
60
61,62
62,61
63
64
65,66,67
66,65,67
67,65,66
68,69
69,68
70,71,72,73
71,70,72,73
72,70,71,73
73,70,71,72
74,75
75,74
76,77
77,76
78,79
79,78
80,81,82,83,84,85,86,87
81,80,82,83,84,85,86,87
82,80,81,83,84,85,86,87
83,80,81,82,84,85,86,87
84,80,81,82,83,85,86,87
85,80,81,82,83,84,86,87
86,80,81,82,83,84,85,87
87,80,81,82,83,84,85,86
88,89,90
89,88,90
90,88,89
91,92,93,94
92,91,93,94
93,91,92,94
94,91,92,93
95,96,97
96,95,97
97,95,96
98,99
99,98
100,101,102,103,104,105,106
101,100,102,103,104,105,106
102,100,101,103,104,105,106
103,100,101,102,104,105,106
104,100,101,102,103,105,106
105,100,101,102,103,104,106
106,100,101,102,103,104,105
107
108,109
109,108
110,111,112,113
111,110,112,113
112,110,111,113
113,110,111,112
114,115,116,117,118,119
115,114,116,117,118,119
116,114,115,117,118,119
117,114,115,116,118,119
118,114,115,116,117,119
119,114,115,116,117,118
120,121
121,120
122,123
123,122
124,125,126,127,128,129,130,131,132,133,134,135
125,124,126,127,128,129,130,131,132,133,134,135
126,124,125,127,128,129,130,131,132,133,134,135
127,124,125,126,128,129,130,131,132,133,134,135
128,124,125,126,127,129,130,131,132,133,134,135
129,124,125,126,127,128,130,131,132,133,134,135
130,124,125,126,127,128,129,131,132,133,134,135
131,124,125,126,127,128,129,130,132,133,134,135
132,124,125,126,127,128,129,130,131,133,134,135
133,124,125,126,127,128,129,130,131,132,134,135
134,124,125,126,127,128,129,130,131,132,133,135
135,124,125,126,127,128,129,130,131,132,133,134
136,137,138,139,140,141,142,143
137,136,138,139,140,141,142,143
138,136,137,139,140,141,142,143
139,136,137,138,140,141,142,143
140,136,137,138,139,141,142,143
141,136,137,138,139,140,142,143
142,136,137,138,139,140,141,143
143,136,137,138,139,140,141,142
144,145,146
145,144,146
146,144,145
147,148
148,147
149
150,151
151,150
152
153,154
154,153
155
156,157
157,156
158
159,160
160,159
161,162
162,161
163
164,165
165,164
166
167,168
168,167
169
170,171,172
171,170,172
172,170,171
173,174,175
174,173,175
175,173,174
176,177
177,176
178,179
179,178
180,181
181,180
182
183
184,185,186,187
185,184,186,187
186,184,185,187
187,184,185,186
188
189
190
191,192,193
192,191,193
193,191,192
194
195
196
197
198
199
200
201,202
202,201
203
204
205,206
206,205
207
208
209
210,211
211,210
212
213
214
215
216
217
218
219,220
220,219
221,222
222,221
223
224
225
226
227
228
229
230
231
232
233
234
235
236,237
237,236
238
239
240
241
242
243
244
245,246
246,245
247
248,249,250,251,252,253
249,248,250,251,252,253
250,248,249,251,252,253
251,248,249,250,252,253
252,248,249,250,251,253
253,248,249,250,251,252
254,255
255,254
256
257,258,259,260,261
258,257,259,260,261
259,257,258,260,261
260,257,258,259,261
261,257,258,259,260
262,263,264,265
263,262,264,265
264,262,263,265
265,262,263,264
266
267
268,269
269,268
270,271,272,273,274
271,270,272,273,274
272,270,271,273,274
273,270,271,272,274
274,270,271,272,273
275,276
276,275
277
278,279,280,281
279,278,280,281
280,278,279,281
281,278,279,280
282
283
284,285
285,284
286
287,288,289
288,287,289
289,287,288
290
291,292
292,291
293,294
294,293
295,296,297,298
296,295,297,298
297,295,296,298
298,295,296,297
299,300
300,299
301,302,303,304
302,301,303,304
303,301,302,304
304,301,302,303
305
306
307,308
308,307
309
310
311
312,313
313,312
314,315,316
315,314,316
316,314,315
317,318
318,317
319,320,321,322,323
320,319,321,322,323
321,319,320,322,323
322,319,320,321,323
323,319,320,321,322
324,325
325,324
326,327
327,326
328,329
329,328
330,331
331,330
332,333,334
333,332,334
334,332,333
335,336
336,335
337,338,339,340,341
338,337,339,340,341
339,337,338,340,341
340,337,338,339,341
341,337,338,339,340
342
343,344
344,343
345
346,347
347,346
348,349,350,351,352,353,354
349,348,350,351,352,353,354
350,348,349,351,352,353,354
351,348,349,350,352,353,354
352,348,349,350,351,353,354
353,348,349,350,351,352,354
354,348,349,350,351,352,353
355
356,357,358
357,356,358
358,356,357
359,360,361
360,359,361
361,359,360
362,363
363,362
364,365
365,364
366,367
367,366
368,369
369,368
370,371
371,370
372,373
373,372
374,375
375,374
376,377
377,376
378
379,380
380,379
381
382
383
384
385
386
387
388
389
390
391
392
393
394
395
396
397
398
399
400
401,402,403,404,405
402,401,403,404,405
403,401,402,404,405
404,401,402,403,405
405,401,402,403,404
406
407,408
408,407
409,410,411
410,409,411
411,409,410
412,413
413,412
414
415,416
416,415
417,418
418,417
419,420
420,419
421,422
422,421
423,424
424,423
425,426
426,425
427,428
428,427
429
430
431
432
433
434
435
436
437,438
438,437
439,440
440,439
441,442
442,441
443,444
444,443
445,446
446,445
447,448
448,447
449,450
450,449
451,452,453
452,451,453
453,451,452
454
455,456
456,455
457,458,459,460
458,457,459,460
459,457,458,460
460,457,458,459
461,462
462,461
463,464,465,466,467
464,463,465,466,467
465,463,464,466,467
466,463,464,465,467
467,463,464,465,466
468
469,470
470,469
471,472,473
472,471,473
473,471,472
474,475
475,474
476
477,478,479
478,477,479
479,477,478
480,481
481,480
482
483,484
484,483
485,486
486,485
487,488
488,487
489,490
490,489
491
492
493
494
495
496,497
497,496
498,499
499,498
500,501
501,500
502,503
503,502
504,505
505,504
506,507
507,506
508
509
510
511
512
513
514,515,516
515,514,516
516,514,515
517
518
519
520
521
522
523
524
525
526,527,528
527,526,528
528,526,527
529
530
531,532,533
532,531,533
533,531,532
534
535
536,537,538
537,536,538
538,536,537
539
540
541,542,543
542,541,543
543,541,542
544
545
546
547
548
549
550
551
552,553,554,555,556
553,552,554,555,556
554,552,553,555,556
555,552,553,554,556
556,552,553,554,555
557,558
558,557
559,560,561,562,563,564,565,566
560,559,561,562,563,564,565,566
561,559,560,562,563,564,565,566
562,559,560,561,563,564,565,566
563,559,560,561,562,564,565,566
564,559,560,561,562,563,565,566
565,559,560,561,562,563,564,566
566,559,560,561,562,563,564,565
567,568
568,567
569
570
571
572
573
574,575
575,574
576,577
577,576
578,579,580,581,582
579,578,580,581,582
580,578,579,581,582
581,578,579,580,582
582,578,579,580,581
583,584
584,583
585,586
586,585
587
588,589,590,591
589,588,590,591
590,588,589,591
591,588,589,590
592
593,594
594,593
595
596
597
598,599,600,601
599,598,600,601
600,598,599,601
601,598,599,600
602
603
604
605
606
607,608,609,610,611
608,607,609,610,611
609,607,608,610,611
610,607,608,609,611
611,607,608,609,610
612
613
614
615
616
617,618,619
618,617,619
619,617,618
620
621
622
623,624
624,623
625,626,627
626,625,627
627,625,626
628
629
630
631
632
633
634
635
636
637
638
639,640,641
640,639,641
641,639,640
642,643
643,642
644,645
645,644
646,647
647,646
648,649
649,648
650
651
652
653
654
655,656,657
656,655,657
657,655,656
658
659
660
661,662,663
662,661,663
663,661,662
664
665
666,667,668
667,666,668
668,666,667
669
670
671,672
672,671
673,674,675,676,677
674,673,675,676,677
675,673,674,676,677
676,673,674,675,677
677,673,674,675,676
678
679,680
680,679
681
682
683
684
685
686
687
688,689
689,688
690,691
691,690
692,693
693,692
694,695
695,694
696,697
697,696
698,699
699,698
700,701
701,700
702
703
704
705
706
707
708
709
710
711
712
713
714
715
716
717
718
719
720,721
721,720
722,723
723,722
724,725
725,724
726,727
727,726
728,729
729,728
730,731
731,730
732,733
733,732
734,735
735,734
736,737
737,736
738,739
739,738
740,741
741,740
742,743
743,742
744,745
745,744
746,747
747,746
748,749
749,748
750,751
751,750
752,753
753,752
754,755
755,754
756,757
757,756
758,759
759,758
760,761
761,760
762,763
763,762
